Fluid,COP,UA_ev,UA_cd
CYCLOPEN_BUTANE_mass_0.00_1.00,5.134524291900708,461421.7712448697,495166.22118428466
CYCLOPEN_BUTANE_mass_0.05_0.95,5.578669361016587,504436.7045605699,557535.7105433353
CYCLOPEN_BUTANE_mass_0.10_0.90,5.884685294466727,498920.6755940111,635417.0672921943
CYCLOPEN_BUTANE_mass_0.15_0.85,5.918194546312023,425365.9615699929,733374.6795713258
CYCLOPEN_BUTANE_mass_0.20_0.80,5.929399515209528,385813.8400689,816820.9609272088
CYCLOPEN_BUTANE_mass_0.25_0.75,5.92060954429556,363283.82136928185,871347.6926400242
CYCLOPEN_BUTANE_mass_0.30_0.70,5.7997134742854275,351801.26241904363,793359.2810972278
CYCLOPEN_BUTANE_mass_0.35_0.65,5.678358008098745,347158.56696997205,706501.0374742261
CYCLOPEN_BUTANE_mass_0.40_0.60,5.598081337351099,347205.6051242333,645124.8264788965
CYCLOPEN_BUTANE_mass_0.45_0.55,5.553088131013788,351034.46456992265,599885.4776529443
CYCLOPEN_BUTANE_mass_0.50_0.50,5.54004010718757,358207.13708987524,566097.1099011299
CYCLOPEN_BUTANE_mass_0.55_0.45,5.557626671834259,368615.2774530454,541346.2451279415
CYCLOPEN_BUTANE_mass_0.60_0.40,5.6064384645693615,382436.85437071515,524590.0910692165
CYCLOPEN_BUTANE_mass_0.65_0.35,5.6891628652519355,400166.226478673,515891.9352791563
CYCLOPEN_BUTANE_mass_0.70_0.30,5.811149663732966,422732.0302298961,516619.049570226
CYCLOPEN_BUTANE_mass_0.75_0.25,5.981595064840226,451772.1250176907,530360.4263979124
CYCLOPEN_BUTANE_mass_0.80_0.20,6.215878255890045,490268.5977609094,565829.4468695623
CYCLOPEN_BUTANE_mass_0.85_0.15,6.505552170346408,544755.9676403208,630020.0412607078
CYCLOPEN_BUTANE_mass_0.90_0.10,6.4892417251108245,636922.0214521834,562405.7691046613
CYCLOPEN_BUTANE_mass_0.95_0.05,6.088652067133121,553470.164242239,516448.99369679694
CYCLOPEN_BUTANE_mass_1.00_0.00,5.6379918143262175,460311.6187031847,482980.67708431697
CYCLOPEN_R1233ZDE_mass_0.00_1.00,5.304529115440013,461029.3039820272,493040.73895895155
CYCLOPEN_R1233ZDE_mass_0.05_0.95,5.534919299152978,481656.84172693867,519701.9829178094
CYCLOPEN_R1233ZDE_mass_0.10_0.90,5.785638862694067,507199.601486748,551876.0096361407
CYCLOPEN_R1233ZDE_mass_0.15_0.85,6.035052845641833,537163.1274251087,585550.9300056675
CYCLOPEN_R1233ZDE_mass_0.20_0.80,6.216058949597143,548507.2938363818,617365.2243362125
CYCLOPEN_R1233ZDE_mass_0.25_0.75,6.25634310176723,516550.0754427912,644962.1920927903
CYCLOPEN_R1233ZDE_mass_0.30_0.70,6.294960192189612,500509.7156099495,663290.1730419634
CYCLOPEN_R1233ZDE_mass_0.35_0.65,6.3306604989786495,494991.11181174644,671681.1354177379
CYCLOPEN_R1233ZDE_mass_0.40_0.60,6.362567766358675,497078.59643974144,670825.1312098949
CYCLOPEN_R1233ZDE_mass_0.45_0.55,6.3901516982980855,505184.5582965475,662291.9792087399
CYCLOPEN_R1233ZDE_mass_0.50_0.50,6.413129027037382,518515.23100466735,648038.2758502408
CYCLOPEN_R1233ZDE_mass_0.55_0.45,6.431373755732576,536821.7067021703,630015.1111989103
CYCLOPEN_R1233ZDE_mass_0.60_0.40,6.444853683962881,560306.7198577329,609921.4691262414
CYCLOPEN_R1233ZDE_mass_0.65_0.35,6.453588398850921,589644.5065939378,589093.7642893036
CYCLOPEN_R1233ZDE_mass_0.70_0.30,6.457623146443454,626126.1322619884,568495.2789788785
CYCLOPEN_R1233ZDE_mass_0.75_0.25,6.339808859142721,602516.2667125313,550679.6737727673
CYCLOPEN_R1233ZDE_mass_0.80_0.20,6.199759018846671,570375.1849740883,534347.6781268023
CYCLOPEN_R1233ZDE_mass_0.85_0.15,6.056291149233745,539279.5805659288,519409.05657150963
CYCLOPEN_R1233ZDE_mass_0.90_0.10,5.913062022990895,510234.7424143154,505898.7539876055
CYCLOPEN_R1233ZDE_mass_0.95_0.05,5.772934018648378,483824.8654949908,493780.9624912014
CYCLOPEN_R1233ZDE_mass_1.00_0.00,5.6379918143262175,460311.6187031847,482980.67708431697
CYCLOPEN_R1336MZZZ_mass_0.00_1.00,5.114992514856745,461546.83372841775,480841.4602119823
CYCLOPEN_R1336MZZZ_mass_0.05_0.95,5.208118473209916,465075.08657175594,486146.08498780127
CYCLOPEN_R1336MZZZ_mass_0.10_0.90,5.312468237236334,470684.67949533445,493818.599208934
CYCLOPEN_R1336MZZZ_mass_0.15_0.85,5.426667469811833,477366.8931792582,505715.85143151984
CYCLOPEN_R1336MZZZ_mass_0.20_0.80,5.529514193599578,484221.6476070408,515132.0978725786
CYCLOPEN_R1336MZZZ_mass_0.25_0.75,5.6166626184514845,490557.0757096326,521831.75911399594
CYCLOPEN_R1336MZZZ_mass_0.30_0.70,5.686735599607556,495891.5017349434,525938.7311030029
CYCLOPEN_R1336MZZZ_mass_0.35_0.65,5.740212906809239,499931.4576953445,527779.8500063657
CYCLOPEN_R1336MZZZ_mass_0.40_0.60,5.778456830348792,502540.7951127295,527765.9560839135
CYCLOPEN_R1336MZZZ_mass_0.45_0.55,5.803290518475029,503706.31882833276,526305.1990190252
CYCLOPEN_R1336MZZZ_mass_0.50_0.50,5.816644092042764,503503.83433572116,523764.75332924625
CYCLOPEN_R1336MZZZ_mass_0.55_0.45,5.820370357721331,502067.1003931804,520454.5126977278
CYCLOPEN_R1336MZZZ_mass_0.60_0.40,5.816198546096416,499562.01006194705,516622.948661245
CYCLOPEN_R1336MZZZ_mass_0.65_0.35,5.805622337999604,496166.6381589998,512464.9513606276
CYCLOPEN_R1336MZZZ_mass_0.70_0.30,5.789878425213787,492056.75804679753,508133.83487844415
CYCLOPEN_R1336MZZZ_mass_0.75_0.25,5.770057013110577,487396.55929308664,503741.52712397685
CYCLOPEN_R1336MZZZ_mass_0.80_0.20,5.747110887696571,482332.98917856335,499368.8986124446
CYCLOPEN_R1336MZZZ_mass_0.85_0.15,5.721834570742377,476993.9904374464,495073.37303262873
CYCLOPEN_R1336MZZZ_mass_0.90_0.10,5.69488233895688,471487.51124915824,490894.48952557606
CYCLOPEN_R1336MZZZ_mass_0.95_0.05,5.6667898181934975,465902.6839860533,486858.26740646583
CYCLOPEN_R1336MZZZ_mass_1.00_0.00,5.6379918143262175,460311.6187031847,482980.67708431697
Isopentane_Isobutane_mass_0.00_1.00,4.955953954100686,461803.0151014034,501912.2033720886
Isopentane_Isobutane_mass_0.05_0.95,5.1912832237773445,487257.37148001196,529166.0646766655
Isopentane_Isobutane_mass_0.10_0.90,5.42542944587069,516236.19532526867,557998.561335774
Isopentane_Isobutane_mass_0.15_0.85,5.654961507951979,549090.2421515184,587700.7087020114
Isopentane_Isobutane_mass_0.20_0.80,5.754262846317672,529815.3154275067,620026.4707583061
Isopentane_Isobutane_mass_0.25_0.75,5.787736229969411,495930.5379633536,652238.9740526683
Isopentane_Isobutane_mass_0.30_0.70,5.823521372517391,474491.32313727436,681259.0792296323
Isopentane_Isobutane_mass_0.35_0.65,5.860551803093025,461584.24357244617,705408.755683318
Isopentane_Isobutane_mass_0.40_0.60,5.89778948301471,455096.3322950865,723034.4560518265
Isopentane_Isobutane_mass_0.45_0.55,5.9342149519381495,453867.6445877637,732721.5981402288
Isopentane_Isobutane_mass_0.50_0.50,5.968805711194519,457321.621493946,733536.6768325401
Isopentane_Isobutane_mass_0.55_0.45,6.000503857136216,465303.7943180551,725233.8699732982
Isopentane_Isobutane_mass_0.60_0.40,6.028180185836859,478034.76515656523,708357.5899814
Isopentane_Isobutane_mass_0.65_0.35,6.050591090754299,496152.6497065312,684186.2761765858
Isopentane_Isobutane_mass_0.70_0.30,6.066329532042983,520865.63084631594,654518.4796558496
Isopentane_Isobutane_mass_0.75_0.25,6.073767907385865,554301.2255220786,621362.7948774659
Isopentane_Isobutane_mass_0.80_0.20,6.070990622474363,600301.2570428394,586633.0426921633
Isopentane_Isobutane_mass_0.85_0.15,5.947253756804946,601141.9300478791,554701.9679591961
Isopentane_Isobutane_mass_0.90_0.10,5.70208560595213,547937.7556252087,527132.1759601539
Isopentane_Isobutane_mass_0.95_0.05,5.447807639692367,500895.99704583467,501763.0088737069
Isopentane_Isobutane_mass_1.00_0.00,5.192979511334128,461348.38612359,479035.32841892116
PENTANE_R1336MZZE_mass_0.00_1.00,4.805266749872897,462185.8327783864,488690.96030428645
PENTANE_R1336MZZE_mass_0.05_0.95,5.360836628361368,514297.63533272536,554585.7164985746
PENTANE_R1336MZZE_mass_0.10_0.90,5.708514100003595,554831.5094675254,594319.2302140315
PENTANE_R1336MZZE_mass_0.15_0.85,5.9084523634620645,581183.9789839544,612487.9629824765
PENTANE_R1336MZZE_mass_0.20_0.80,5.985012655501041,583087.0609979841,616473.4016497928
PENTANE_R1336MZZE_mass_0.25_0.75,6.032529288602859,592967.3138300958,610775.6813269153
PENTANE_R1336MZZE_mass_0.30_0.70,6.028850553776302,591866.1360127885,600430.3550514348
PENTANE_R1336MZZE_mass_0.35_0.65,5.991017631938842,582706.158227787,588100.6501297485
PENTANE_R1336MZZE_mass_0.40_0.60,5.9374369868065875,571244.8246733493,575219.8141080934
PENTANE_R1336MZZE_mass_0.45_0.55,5.875406297892972,558874.6668271037,562647.7088329345
PENTANE_R1336MZZE_mass_0.50_0.50,5.809626822129513,546457.6915002234,550812.6298594836
PENTANE_R1336MZZE_mass_0.55_0.45,5.743120857583572,534490.689108807,539892.6978879495
PENTANE_R1336MZZE_mass_0.60_0.40,5.677709143980628,523233.9641878329,529930.3491590467
PENTANE_R1336MZZE_mass_0.65_0.35,5.614525610425436,512801.42937076435,520895.1252136879
PENTANE_R1336MZZE_mass_0.70_0.30,5.554170495829078,503219.96485767444,512723.48721637443
PENTANE_R1336MZZE_mass_0.75_0.25,5.496937420964486,494467.1547411316,505338.37359780393
PENTANE_R1336MZZE_mass_0.80_0.20,5.442919668736767,486494.59154751035,498660.4876009279
PENTANE_R1336MZZE_mass_0.85_0.15,5.392083494376584,479241.95381198055,492614.0108453189
PENTANE_R1336MZZE_mass_0.90_0.10,5.344321932754402,472645.2549037574,487129.12058128923
PENTANE_R1336MZZE_mass_0.95_0.05,5.2995008527242105,466641.7009693389,482142.6272668915
PENTANE_R1336MZZE_mass_1.00_0.00,5.257432161917518,461171.61251821026,477599.012777066
R1224YDZ_R1234ZEE_mass_0.00_1.00,4.810815180522626,462197.681749984,524688.1139127951
R1224YDZ_R1234ZEE_mass_0.05_0.95,4.922040496120748,474337.5507340664,533546.4104476151
R1224YDZ_R1234ZEE_mass_0.10_0.90,5.04270229795912,488159.38497008174,544127.1482687293
R1224YDZ_R1234ZEE_mass_0.15_0.85,5.172181032906129,503879.90109240083,556449.9469802376
R1224YDZ_R1234ZEE_mass_0.20_0.80,5.309357253893323,521714.1395891186,570416.084997851
R1224YDZ_R1234ZEE_mass_0.25_0.75,5.452489345258018,541846.7776521231,585794.3740183181
R1224YDZ_R1234ZEE_mass_0.30_0.70,5.599100881518598,564380.1439987599,602168.6119335315
R1224YDZ_R1234ZEE_mass_0.35_0.65,5.671494509725128,552744.4010668495,620661.2625534656
R1224YDZ_R1234ZEE_mass_0.40_0.60,5.706811510076206,529540.4688083257,639354.5851978597
R1224YDZ_R1234ZEE_mass_0.45_0.55,5.745042284740841,513937.361488783,655989.0079438892
R1224YDZ_R1234ZEE_mass_0.50_0.50,5.785454795233425,504924.1861260437,669059.0590888131
R1224YDZ_R1234ZEE_mass_0.55_0.45,5.827021069950462,501977.4435499313,676982.2019879044
R1224YDZ_R1234ZEE_mass_0.60_0.40,5.868425221761015,504999.6747880027,678319.9460578267
R1224YDZ_R1234ZEE_mass_0.65_0.35,5.908077703022682,514349.8441001038,672052.0587049482
R1224YDZ_R1234ZEE_mass_0.70_0.30,5.944048916867275,530984.5489239505,657847.2163886951
R1224YDZ_R1234ZEE_mass_0.75_0.25,5.973901770124322,556794.3899593952,636227.3713792454
R1224YDZ_R1234ZEE_mass_0.80_0.20,5.994588469455802,595382.6502935264,608555.0005725623
R1224YDZ_R1234ZEE_mass_0.85_0.15,5.918370266726982,605411.3825599388,578477.1173571945
R1224YDZ_R1234ZEE_mass_0.90_0.10,5.693149270704013,554602.6195249947,549087.7878352314
R1224YDZ_R1234ZEE_mass_0.95_0.05,5.434940881971824,505071.5716051845,520169.5878751002
R1224YDZ_R1234ZEE_mass_1.00_0.00,5.1576949658122455,461383.08544563263,493314.3714849648
R1336MZZZ_R1336MZZE_mass_0.00_1.00,4.805266749872897,462185.8327783864,488690.96030428645
R1336MZZZ_R1336MZZE_mass_0.05_0.95,4.9161421736633235,472845.1543848197,499260.8427062794
R1336MZZZ_R1336MZZE_mass_0.10_0.90,5.026598203508208,484044.5789990141,510090.9935917982
R1336MZZZ_R1336MZZE_mass_0.15_0.85,5.134954499423582,495642.27272917423,520868.18579336314
R1336MZZZ_R1336MZZE_mass_0.20_0.80,5.239165061030511,507435.8202039483,531239.8671466697
R1336MZZZ_R1336MZZE_mass_0.25_0.75,5.337156409881073,519152.76658988063,540826.172236275
R1336MZZZ_R1336MZZE_mass_0.30_0.70,5.426820575909441,530445.3245976903,549243.9328265206
R1336MZZZ_R1336MZZE_mass_0.35_0.65,5.506087983623537,540892.229234974,556134.2540403544
R1336MZZZ_R1336MZZE_mass_0.40_0.60,5.57299279327165,550011.0274668891,561188.1509233335
R1336MZZZ_R1336MZZE_mass_0.45_0.55,5.625741630291581,557283.6030345097,564169.8589463378
R1336MZZZ_R1336MZZE_mass_0.50_0.50,5.662783184221251,562197.21529703,564934.0402943463
R1336MZZZ_R1336MZZE_mass_0.55_0.45,5.682875658127782,564295.7076000598,563436.5242114032
R1336MZZZ_R1336MZZE_mass_0.60_0.40,5.6851572724808666,563237.6980446503,559735.4597827155
R1336MZZZ_R1336MZZE_mass_0.65_0.35,5.669209640443707,558849.9331583555,553984.4329892726
R1336MZZZ_R1336MZZE_mass_0.70_0.30,5.635107034254756,551165.7029521569,546417.341137633
R1336MZZZ_R1336MZZE_mass_0.75_0.25,5.583447457221091,540438.7913155332,537328.5293607304
R1336MZZZ_R1336MZZE_mass_0.80_0.20,5.515329020570087,527128.2685125677,527050.723158542
R1336MZZZ_R1336MZZE_mass_0.85_0.15,5.432380047450426,511855.6809259263,515929.8226747641
R1336MZZZ_R1336MZZE_mass_0.90_0.10,5.336549830183954,495341.5446680488,504309.2519845584
R1336MZZZ_R1336MZZE_mass_0.95_0.05,5.2299793867442395,478334.98461427866,492514.6001666105
R1336MZZZ_R1336MZZE_mass_1.00_0.00,5.114992514856745,461546.83372841775,480841.4602119823
